Період,Тип сторінки,URL,title,description
Березень 2024,Автоінстурктори,https://pdr-online.com.ua/instruktori/,Автоінструктор - інструктор з водіння в Україні | Pdr-online,"Приватний інструктор з водіння в Україні ⭐ Київ, Харків, Одеса Львів, Дніпро та інші міста ☝️ Від 200 грн за заняття ⏩ Відгуки та рейтинг"
Березень 2024,Інструктори у місті Київ,https://pdr-online.com.ua/instruktori/city-kyiv/,Інструктор з водіння Київ – 400 грн заняття | Pdr-online,"Приватний автоінструктор в Києві від 400 грн. ⭐ Категорії A, B, C ⏩ Реальні відгуки та рейтинг ⭐ Будь-які райони Києва ☝️ МКПП та АКПП "
Березень 2024,Інструктори Харків,https://pdr-online.com.ua/instruktori/city-harkiv/,Інструктор з водіння Харків – 400 грн заняття | Pdr-online,"Приватний автоінструктор в Харкові від 400 грн. ⭐ Категорії A, B, C ⏩ Реальні відгуки та рейтинг ⭐ Будь-які райони міста ☝️ МКПП та АКПП "
Березень 2024,Інструктори Одеса,https://pdr-online.com.ua/instruktori/city-odesa/,Інструктор з водіння Одеса – 400 грн заняття | Pdr-online,"Приватний автоінструктор в Одесі від 400 грн. ⭐ Категорії A, B, C ⏩ Реальні відгуки та рейтинг ⭐ Будь-які райони міста ☝️ МКПП та АКПП "
Березень 2024,Інструктори Львів,https://pdr-online.com.ua/instruktori/city-lviv/,Інструктор з водіння Львів – 400 грн заняття | Pdr-online,"Приватний автоінструктор у Львові від 400 грн. ⭐ Категорії A, B, C ⏩ Реальні відгуки та рейтинг ⭐ Будь-які райони міста ☝️ МКПП та АКПП "
Березень 2024,Інструктори Дніпро,https://pdr-online.com.ua/instruktori/city-dnipro/,Інструктор з водіння Дніпро – 400 грн заняття | Pdr-online,"Приватний автоінструктор в Дніпрі від 400 грн. ⭐ Категорії A, B, C ⏩ Реальні відгуки та рейтинг ⭐ Будь-які райони міста ☝️ МКПП та АКПП "
Березень 2024,Інструктори Вінниця,https://pdr-online.com.ua/instruktori/city-vinnicya/,Інструктор з водіння Вінниця – 400 грн заняття | Pdr-online,"Приватний автоінструктор в Вінниці від 400 грн. ⭐ Категорії A, B, C ⏩ Реальні відгуки та рейтинг ⭐ Будь-які райони міста ☝️ МКПП та АКПП "
Березень 2024,Інструктори Житомир,https://pdr-online.com.ua/instruktori/city-zhitomir/,Інструктор з водіння Житомир – 400 грн заняття | Pdr-online,"Приватний автоінструктор в Житомирі від 400 грн. ⭐ Категорії A, B, C ⏩ Реальні відгуки та рейтинг ⭐ Будь-які райони міста ☝️ МКПП та АКПП "
Березень 2024,Інструктори Чернівці,https://pdr-online.com.ua/instruktori/city-chernivci/,Інструктор з водіння Чернівці – 400 грн заняття | Pdr-online,"Приватний автоінструктор в Чернівцях від 400 грн. ⭐ Категорії A, B, C ⏩ Реальні відгуки та рейтинг ⭐ Будь-які райони міста ☝️ МКПП та АКПП "
Березень 2024,Інструктори Луцьк,https://pdr-online.com.ua/instruktori/city-luck/,Інструктор з водіння Луцьк – 400 грн заняття | Pdr-online,"Приватний автоінструктор в Луцьку від 400 грн. ⭐ Категорії A, B, C ⏩ Реальні відгуки та рейтинг ⭐ Будь-які райони міста ☝️ МКПП та АКПП "
Березень 2025,Інструктори Запоріжжя,,Інструктор з водіння Запоріжжя – 400 грн заняття | Pdr-online,"Приватний автоінструктор в Запоріжжі від 400 грн. ⭐ Категорії A, B, C ⏩ Реальні відгуки та рейтинг ⭐ МКПП та АКПП ☝️ Будь-які райони міста"
Березень 2026,Інструктори Кривий ріг,,Інструктор з водіння Кривий ріг – 400 грн заняття | Pdr-online,"Приватний автоінструктор в Кривому Розі від 400 грн. ⭐ Категорії A, B, C ⏩ Реальні відгуки та рейтинг ⭐ МКПП та АКПП ☝️ Будь-які райони міста"
Березень 2027,Інструктори Миколаїв,,Інструктор з водіння Миколаїв – 400 грн заняття | Pdr-online,"Приватний автоінструктор в Миколаєві від 400 грн. ⭐ Категорії A, B, C ⏩ Реальні відгуки та рейтинг ⭐ МКПП та АКПП ☝️ Будь-які райони міста"
Березень 2028,Інструктори Херсон,,Інструктор з водіння Херсон – 400 грн заняття | Pdr-online,"Приватний автоінструктор в Херсоні від 400 грн. ⭐ Категорії A, B, C ⏩ Реальні відгуки та рейтинг ⭐ МКПП та АКПП ☝️ Будь-які райони міста"
Березень 2029,Інструктори Чернігів,,Інструктор з водіння Чернігів – 400 грн заняття | Pdr-online,"Приватний автоінструктор в Чернігові від 400 грн. ⭐ Категорії A, B, C ⏩ Реальні відгуки та рейтинг ⭐ МКПП та АКПП ☝️ Будь-які райони міста"
Березень 2030,Інструктори Полтава,,Інструктор з водіння Полтава – 400 грн заняття | Pdr-online,"Приватний автоінструктор в Полтаві від 400 грн. ⭐ Категорії A, B, C ⏩ Реальні відгуки та рейтинг ⭐ МКПП та АКПП ☝️ Будь-які райони міста"
Березень 2031,Інструктори Черкаси,,Інструктор з водіння Черкаси – 400 грн заняття | Pdr-online,"Приватний автоінструктор в Черкасах від 400 грн. ⭐ Категорії A, B, C ⏩ Реальні відгуки та рейтинг ⭐ МКПП та АКПП ☝️ Будь-які райони міста"
Березень 2032,Інструктори Хмельницький,,Інструктор з водіння Хмельницький – 400 грн заняття | Pdr-online,"Приватний автоінструктор в Хмельницькому від 400 грн. ⭐ Категорії A, B, C ⏩ Реальні відгуки та рейтинг ⭐ МКПП та АКПП ☝️ Будь-які райони міста"
Березень 2033,Інструктори Суми,,Інструктор з водіння Суми – 400 грн заняття | Pdr-online,"Приватний автоінструктор в Сумах від 400 грн. ⭐ Категорії A, B, C ⏩ Реальні відгуки та рейтинг ⭐ МКПП та АКПП ☝️ Будь-які райони міста"
Березень 2034,Інструктори Рівне,,Інструктор з водіння Рівне – 400 грн заняття | Pdr-online,"Приватний автоінструктор в Рівному від 400 грн. ⭐ Категорії A, B, C ⏩ Реальні відгуки та рейтинг ⭐ МКПП та АКПП ☝️ Будь-які райони міста"
Березень 2035,Інструктори Івано-Франківськ,,Інструктор з водіння Івано-Франківськ – 400 грн заняття | Pdr-online,"Приватний автоінструктор в Івано-Франківську від 400 грн. ⭐ Категорії A, B, C ⏩ Реальні відгуки та рейтинг ⭐ МКПП та АКПП ☝️ Будь-які райони міста"
Березень 2036,Інструктори Кам'янське,,Інструктор з водіння Кам'янське – 400 грн заняття | Pdr-online,"Приватний автоінструктор в Кам'янському від 400 грн. ⭐ Категорії A, B, C ⏩ Реальні відгуки та рейтинг ⭐ МКПП та АКПП ☝️ Будь-які райони міста"
Березень 2037,Інструктори Кропивницький,,Інструктор з водіння Кропивницький – 400 грн заняття | Pdr-online,"Приватний автоінструктор в Кропивницькому від 400 грн. ⭐ Категорії A, B, C ⏩ Реальні відгуки та рейтинг ⭐ МКПП та АКПП ☝️ Будь-які райони міста"
Березень 2038,Інструктори Тернопіль,,Інструктор з водіння Тернопіль – 400 грн заняття | Pdr-online,"Приватний автоінструктор в Тернополі від 400 грн. ⭐ Категорії A, B, C ⏩ Реальні відгуки та рейтинг ⭐ МКПП та АКПП ☝️ Будь-які райони міста"
Березень 2039,Інструктори Кременчук,,Інструктор з водіння Кременчук – 400 грн заняття | Pdr-online,"Приватний автоінструктор в Кременчуку від 400 грн. ⭐ Категорії A, B, C ⏩ Реальні відгуки та рейтинг ⭐ МКПП та АКПП ☝️ Будь-які райони міста"
Березень 2040,Інструктори Біла Церква,,Інструктор з водіння Біла Церква – 400 грн заняття | Pdr-online,"Приватний автоінструктор в Білій Церкві від 400 грн. ⭐ Категорії A, B, C ⏩ Реальні відгуки та рейтинг ⭐ МКПП та АКПП ☝️ Будь-які райони міста"
Березень 2041,Інструктори Краматорськ,,Інструктор з водіння Краматорськ – 400 грн заняття | Pdr-online,"Приватний автоінструктор в Краматорську від 400 грн. ⭐ Категорії A, B, C ⏩ Реальні відгуки та рейтинг ⭐ МКПП та АКПП ☝️ Будь-які райони міста"
Березень 2042,Інструктори Ужгород,,Інструктор з водіння Ужгород – 400 грн заняття | Pdr-online,"Приватний автоінструктор в Ужгороді від 400 грн. ⭐ Категорії A, B, C ⏩ Реальні відгуки та рейтинг ⭐ МКПП та АКПП ☝️ Будь-які райони міста"
Березень 2043,Інструктори Нікополь,,Інструктор з водіння Нікополь – 400 грн заняття | Pdr-online,"Приватний автоінструктор в Нікополі від 400 грн. ⭐ Категорії A, B, C ⏩ Реальні відгуки та рейтинг ⭐ МКПП та АКПП ☝️ Будь-які райони міста"
Березень 2044,Інструктори Слов'янськ,,Інструктор з водіння Слов'янськ – 400 грн заняття | Pdr-online,"Приватний автоінструктор в Слов'янську від 400 грн. ⭐ Категорії A, B, C ⏩ Реальні відгуки та рейтинг ⭐ МКПП та АКПП ☝️ Будь-які райони міста"
Березень 2045,Інструктори Бровари,,Інструктор з водіння Бровари – 400 грн заняття | Pdr-online,"Приватний автоінструктор в Броварах від 400 грн. ⭐ Категорії A, B, C ⏩ Реальні відгуки та рейтинг ⭐ МКПП та АКПП ☝️ Будь-які райони міста"
Березень 2046,Інструктори Павлоград,,Інструктор з водіння Павлоград – 400 грн заняття | Pdr-online,"Приватний автоінструктор в Павлограді від 400 грн. ⭐ Категорії A, B, C ⏩ Реальні відгуки та рейтинг ⭐ МКПП та АКПП ☝️ Будь-які райони міста"
Березень 2047,Інструктори Кам'янець-Подільський,,Інструктор з водіння Кам'янець-Подільський – 400 грн заняття | Pdr-online,"Приватний автоінструктор в Кам'янець-Подільську від 400 грн. ⭐ Категорії A, B, C ⏩ Реальні відгуки та рейтинг ⭐ МКПП та АКПП ☝️ Будь-які райони міста"
Березень 2048,Інструктори Мукачево,,Інструктор з водіння Мукачево – 400 грн заняття | Pdr-online,"Приватний автоінструктор в Мукачеві від 400 грн. ⭐ Категорії A, B, C ⏩ Реальні відгуки та рейтинг ⭐ МКПП та АКПП ☝️ Будь-які райони міста"
Березень 2049,Інструктори Конотоп,,Інструктор з водіння Конотоп – 400 грн заняття | Pdr-online,"Приватний автоінструктор в Конотопі від 400 грн. ⭐ Категорії A, B, C ⏩ Реальні відгуки та рейтинг ⭐ МКПП та АКПП ☝️ Будь-які райони міста"
Березень 2050,Інструктори Умань,,Інструктор з водіння Умань – 400 грн заняття | Pdr-online,"Приватний автоінструктор в Умані від 400 грн. ⭐ Категорії A, B, C ⏩ Реальні відгуки та рейтинг ⭐ МКПП та АКПП ☝️ Будь-які райони міста"
Березень 2051,Інструктори Олександрія,,Інструктор з водіння Олександрія – 400 грн заняття | Pdr-online,"Приватний автоінструктор в Олександрії від 400 грн. ⭐ Категорії A, B, C ⏩ Реальні відгуки та рейтинг ⭐ МКПП та АКПП ☝️ Будь-які райони міста"
Березень 2052,Інструктори Дрогобич,,Інструктор з водіння Дрогобич – 400 грн заняття | Pdr-online,"Приватний автоінструктор в Дрогобичі від 400 грн. ⭐ Категорії A, B, C ⏩ Реальні відгуки та рейтинг ⭐ МКПП та АКПП ☝️ Будь-які райони міста"
Березень 2053,Інструктори Бердичів,,Інструктор з водіння Бердичів – 400 грн заняття | Pdr-online,"Приватний автоінструктор в Бердичеві від 400 грн. ⭐ Категорії A, B, C ⏩ Реальні відгуки та рейтинг ⭐ МКПП та АКПП ☝️ Будь-які райони міста"
Березень 2054,Інструктори Шостка,,Інструктор з водіння Шостка – 400 грн заняття | Pdr-online,"Приватний автоінструктор в Шостці від 400 грн. ⭐ Категорії A, B, C ⏩ Реальні відгуки та рейтинг ⭐ МКПП та АКПП ☝️ Будь-які райони міста"
Березень 2055,Інструктори Ізмаїл,,Інструктор з водіння Ізмаїл – 400 грн заняття | Pdr-online,"Приватний автоінструктор в Ізмаїлі від 400 грн. ⭐ Категорії A, B, C ⏩ Реальні відгуки та рейтинг ⭐ МКПП та АКПП ☝️ Будь-які райони міста"
Березень 2056,Інструктори Новомосковськ,,Інструктор з водіння Новомосковськ – 400 грн заняття | Pdr-online,"Приватний автоінструктор в Новомосковську від 400 грн. ⭐ Категорії A, B, C ⏩ Реальні відгуки та рейтинг ⭐ МКПП та АКПП ☝️ Будь-які райони міста"
Березень 2057,Інструктори Костянтинівка,,Інструктор з водіння Костянтинівка – 400 грн заняття | Pdr-online,"Приватний автоінструктор в Костянтинівці від 400 грн. ⭐ Категорії A, B, C ⏩ Реальні відгуки та рейтинг ⭐ МКПП та АКПП ☝️ Будь-які райони міста"
Березень 2058,Інструктори Ковель,,Інструктор з водіння Ковель – 400 грн заняття | Pdr-online,"Приватний автоінструктор в Ковелі від 400 грн. ⭐ Категорії A, B, C ⏩ Реальні відгуки та рейтинг ⭐ МКПП та АКПП ☝️ Будь-які райони міста"
Березень 2059,Інструктори Ніжин,,Інструктор з водіння Ніжин – 400 грн заняття | Pdr-online,"Приватний автоінструктор в Ніжині від 400 грн. ⭐ Категорії A, B, C ⏩ Реальні відгуки та рейтинг ⭐ МКПП та АКПП ☝️ Будь-які райони міста"
Березень 2060,Інструктори Сміла,,Інструктор з водіння Сміла – 400 грн заняття | Pdr-online,"Приватний автоінструктор в Смілі від 400 грн. ⭐ Категорії A, B, C ⏩ Реальні відгуки та рейтинг ⭐ МКПП та АКПП ☝️ Будь-які райони міста"
Березень 2061,Інструктори Калуш,,Інструктор з водіння Калуш – 400 грн заняття | Pdr-online,"Приватний автоінструктор в Калуші від 400 грн. ⭐ Категорії A, B, C ⏩ Реальні відгуки та рейтинг ⭐ МКПП та АКПП ☝️ Будь-які райони міста"
Березень 2062,Інструктори Червоноград,,Інструктор з водіння Червоноград – 400 грн заняття | Pdr-online,"Приватний автоінструктор в Червонограді від 400 грн. ⭐ Категорії A, B, C ⏩ Реальні відгуки та рейтинг ⭐ МКПП та АКПП ☝️ Будь-які райони міста"
Березень 2063,Інструктори Первомайськ,,Інструктор з водіння Первомайськ – 400 грн заняття | Pdr-online,"Приватний автоінструктор в Первомайську від 400 грн. ⭐ Категорії A, B, C ⏩ Реальні відгуки та рейтинг ⭐ МКПП та АКПП ☝️ Будь-які райони міста"
Березень 2064,Інструктори Бориспіль,,Інструктор з водіння Бориспіль – 400 грн заняття | Pdr-online,"Приватний автоінструктор в Борисполі від 400 грн. ⭐ Категорії A, B, C ⏩ Реальні відгуки та рейтинг ⭐ МКПП та АКПП ☝️ Будь-які райони міста"
Березень 2065,Інструктори Коростень,,Інструктор з водіння Коростень – 400 грн заняття | Pdr-online,"Приватний автоінструктор в Коростені від 400 грн. ⭐ Категорії A, B, C ⏩ Реальні відгуки та рейтинг ⭐ МКПП та АКПП ☝️ Будь-які райони міста"
Березень 2066,Інструктори Коломия,,Інструктор з водіння Коломия – 400 грн заняття | Pdr-online,"Приватний автоінструктор в Коломиї від 400 грн. ⭐ Категорії A, B, C ⏩ Реальні відгуки та рейтинг ⭐ МКПП та АКПП ☝️ Будь-які райони міста"
Березень 2067,Інструктори Ірпінь,,Інструктор з водіння Ірпінь – 400 грн заняття | Pdr-online,"Приватний автоінструктор в Ірпіні від 400 грн. ⭐ Категорії A, B, C ⏩ Реальні відгуки та рейтинг ⭐ МКПП та АКПП ☝️ Будь-які райони міста"
Березень 2068,Інструктори Стрий,,Інструктор з водіння Стрий – 400 грн заняття | Pdr-online,"Приватний автоінструктор в Стриї від 400 грн. ⭐ Категорії A, B, C ⏩ Реальні відгуки та рейтинг ⭐ МКПП та АКПП ☝️ Будь-які райони міста"
Березень 2069,Інструктори Чорноморськ,,Інструктор з водіння Чорноморськ – 400 грн заняття | Pdr-online,"Приватний автоінструктор в Чорноморську від 400 грн. ⭐ Категорії A, B, C ⏩ Реальні відгуки та рейтинг ⭐ МКПП та АКПП ☝️ Будь-які райони міста"
Березень 2070,Інструктори Звягель,,Інструктор з водіння Звягель – 400 грн заняття | Pdr-online,"Приватний автоінструктор в Звягелі від 400 грн. ⭐ Категорії A, B, C ⏩ Реальні відгуки та рейтинг ⭐ МКПП та АКПП ☝️ Будь-які райони міста"
Березень 2071,Інструктори Лозова,,Інструктор з водіння Лозова – 400 грн заняття | Pdr-online,"Приватний автоінструктор в Лозовому від 400 грн. ⭐ Категорії A, B, C ⏩ Реальні відгуки та рейтинг ⭐ МКПП та АКПП ☝️ Будь-які райони міста"
Березень 2072,Інструктори Прилуки,,Інструктор з водіння Прилуки – 400 грн заняття | Pdr-online,"Приватний автоінструктор в Прилуках від 400 грн. ⭐ Категорії A, B, C ⏩ Реальні відгуки та рейтинг ⭐ МКПП та АКПП ☝️ Будь-які райони міста"
Березень 2073,Інструктори Нововолинськ,,Інструктор з водіння Нововолинськ – 400 грн заняття | Pdr-online,"Приватний автоінструктор в Нововолинську від 400 грн. ⭐ Категорії A, B, C ⏩ Реальні відгуки та рейтинг ⭐ МКПП та АКПП ☝️ Будь-які райони міста"
Березень 2074,Інструктори Горішні плавні,,Інструктор з водіння Горішні плавні – 400 грн заняття | Pdr-online,"Приватний автоінструктор в Горішніх Плавнях від 400 грн. ⭐ Категорії A, B, C ⏩ Реальні відгуки та рейтинг ⭐ МКПП та АКПП ☝️ Будь-які райони міста"
Березень 2075,Інструктори Білгород-Дністровський,,Інструктор з водіння Білгород-Дністровський – 400 грн заняття | Pdr-online,"Приватний автоінструктор в Білгороді-Дністровському від 400 грн. ⭐ Категорії A, B, C ⏩ Реальні відгуки та рейтинг ⭐ МКПП та АКПП ☝️ Будь-які райони міста"
Березень 2076,Інструктори Охтирка,,Інструктор з водіння Охтирка – 400 грн заняття | Pdr-online,"Приватний автоінструктор в Охтирці від 400 грн. ⭐ Категорії A, B, C ⏩ Реальні відгуки та рейтинг ⭐ МКПП та АКПП ☝️ Будь-які райони міста"
Березень 2077,Інструктори Ізюм,,Інструктор з водіння Ізюм – 400 грн заняття | Pdr-online,"Приватний автоінструктор в Ізюмі від 400 грн. ⭐ Категорії A, B, C ⏩ Реальні відгуки та рейтинг ⭐ МКПП та АКПП ☝️ Будь-які райони міста"
Березень 2078,Інструктори Марганець,,Інструктор з водіння Марганець – 400 грн заняття | Pdr-online,"Приватний автоінструктор в Марганці від 400 грн. ⭐ Категорії A, B, C ⏩ Реальні відгуки та рейтинг ⭐ МКПП та АКПП ☝️ Будь-які райони міста"
Березень 2079,Інструктори Фастів,,Інструктор з водіння Фастів – 400 грн заняття | Pdr-online,"Приватний автоінструктор в Фастові від 400 грн. ⭐ Категорії A, B, C ⏩ Реальні відгуки та рейтинг ⭐ МКПП та АКПП ☝️ Будь-які райони міста"
Березень 2080,Інструктори Брянка,,Інструктор з водіння Брянка – 400 грн заняття | Pdr-online,"Приватний автоінструктор в Брянці від 400 грн. ⭐ Категорії A, B, C ⏩ Реальні відгуки та рейтинг ⭐ МКПП та АКПП ☝️ Будь-які райони міста"
Березень 2081,Інструктори Лубни,,Інструктор з водіння Лубни – 400 грн заняття | Pdr-online,"Приватний автоінструктор в Лубнах від 400 грн. ⭐ Категорії A, B, C ⏩ Реальні відгуки та рейтинг ⭐ МКПП та АКПП ☝️ Будь-які райони міста"
Березень 2082,Інструктори Світловодськ,,Інструктор з водіння Світловодськ – 400 грн заняття | Pdr-online,"Приватний автоінструктор в Світловодську від 400 грн. ⭐ Категорії A, B, C ⏩ Реальні відгуки та рейтинг ⭐ МКПП та АКПП ☝️ Будь-які райони міста"
Березень 2083,Інструктори Жовті води,,Інструктор з водіння Жовті води – 400 грн заняття | Pdr-online,"Приватний автоінструктор в Жовтих Водах від 400 грн. ⭐ Категорії A, B, C ⏩ Реальні відгуки та рейтинг ⭐ МКПП та АКПП ☝️ Будь-які райони міста"
Березень 2084,Інструктори Вараш,,Інструктор з водіння Вараш – 400 грн заняття | Pdr-online,"Приватний автоінструктор в Вараші від 400 грн. ⭐ Категорії A, B, C ⏩ Реальні відгуки та рейтинг ⭐ МКПП та АКПП ☝️ Будь-які райони міста"
Березень 2085,Інструктори Вишневе,,Інструктор з водіння Вишневе – 400 грн заняття | Pdr-online,"Приватний автоінструктор в Вишневому від 400 грн. ⭐ Категорії A, B, C ⏩ Реальні відгуки та рейтинг ⭐ МКПП та АКПП ☝️ Будь-які райони міста"
Березень 2086,Інструктори Шепетівка,,Інструктор з водіння Шепетівка – 400 грн заняття | Pdr-online,"Приватний автоінструктор в Шепетівці від 400 грн. ⭐ Категорії A, B, C ⏩ Реальні відгуки та рейтинг ⭐ МКПП та АКПП ☝️ Будь-які райони міста"
Березень 2087,Інструктори Подільськ,,Інструктор з водіння Подільськ – 400 грн заняття | Pdr-online,"Приватний автоінструктор в Подільську від 400 грн. ⭐ Категорії A, B, C ⏩ Реальні відгуки та рейтинг ⭐ МКПП та АКПП ☝️ Будь-які райони міста"
Березень 2088,Інструктори Южноукраїнськ,,Інструктор з водіння Южноукраїнськ – 400 грн заняття | Pdr-online,"Приватний автоінструктор в Южноукраїнську від 400 грн. ⭐ Категорії A, B, C ⏩ Реальні відгуки та рейтинг ⭐ МКПП та АКПП ☝️ Будь-які райони міста"
Березень 2089,Інструктори Миргород,,Інструктор з водіння Миргород – 400 грн заняття | Pdr-online,"Приватний автоінструктор в Миргороді від 400 грн. ⭐ Категорії A, B, C ⏩ Реальні відгуки та рейтинг ⭐ МКПП та АКПП ☝️ Будь-які райони міста"
Березень 2090,Інструктори Ромни,,Інструктор з водіння Ромни – 400 грн заняття | Pdr-online,"Приватний автоінструктор в Ромнах від 400 грн. ⭐ Категорії A, B, C ⏩ Реальні відгуки та рейтинг ⭐ МКПП та АКПП ☝️ Будь-які райони міста"
Березень 2091,Інструктори Покров,,Інструктор з водіння Покров – 400 грн заняття | Pdr-online,"Приватний автоінструктор в Покрові від 400 грн. ⭐ Категорії A, B, C ⏩ Реальні відгуки та рейтинг ⭐ МКПП та АКПП ☝️ Будь-які райони міста"
Березень 2092,Інструктори Володимир,,Інструктор з водіння Володимир – 400 грн заняття | Pdr-online,"Приватний автоінструктор в Володимирі від 400 грн. ⭐ Категорії A, B, C ⏩ Реальні відгуки та рейтинг ⭐ МКПП та АКПП ☝️ Будь-які райони міста"
Березень 2093,Інструктори Васильків,,Інструктор з водіння Васильків – 400 грн заняття | Pdr-online,"Приватний автоінструктор в Василькові від 400 грн. ⭐ Категорії A, B, C ⏩ Реальні відгуки та рейтинг ⭐ МКПП та АКПП ☝️ Будь-які райони міста"
Березень 2094,Інструктори Дубно,,Інструктор з водіння Дубно – 400 грн заняття | Pdr-online,"Приватний автоінструктор в Дубнах від 400 грн. ⭐ Категорії A, B, C ⏩ Реальні відгуки та рейтинг ⭐ МКПП та АКПП ☝️ Будь-які райони міста"
Березень 2095,Інструктори Нетішин,,Інструктор з водіння Нетішин – 400 грн заняття | Pdr-online,"Приватний автоінструктор в Нетішині від 400 грн. ⭐ Категорії A, B, C ⏩ Реальні відгуки та рейтинг ⭐ МКПП та АКПП ☝️ Будь-які райони міста"
Березень 2096,Інструктори Буча,,Інструктор з водіння Буча – 400 грн заняття | Pdr-online,"Приватний автоінструктор в Бучі від 400 грн. ⭐ Категорії A, B, C ⏩ Реальні відгуки та рейтинг ⭐ МКПП та АКПП ☝️ Будь-які райони міста"
Березень 2097,Інструктори Боярка,,Інструктор з водіння Боярка – 400 грн заняття | Pdr-online,"Приватний автоінструктор в Боярці від 400 грн. ⭐ Категорії A, B, C ⏩ Реальні відгуки та рейтинг ⭐ МКПП та АКПП ☝️ Будь-які райони міста"
Березень 2098,Інструктори Славута,,Інструктор з водіння Славута – 400 грн заняття | Pdr-online,"Приватний автоінструктор в Славуті від 400 грн. ⭐ Категорії A, B, C ⏩ Реальні відгуки та рейтинг ⭐ МКПП та АКПП ☝️ Будь-які райони міста"
Березень 2099,Інструктори Самбір,,Інструктор з водіння Самбір – 400 грн заняття | Pdr-online,"Приватний автоінструктор в Самборі від 400 грн. ⭐ Категорії A, B, C ⏩ Реальні відгуки та рейтинг ⭐ МКПП та АКПП ☝️ Будь-які райони міста"
Березень 2100,Інструктори Старокостянтинів,,Інструктор з водіння Старокостянтинів – 400 грн заняття | Pdr-online,"Приватний автоінструктор в Старокостянтинові від 400 грн. ⭐ Категорії A, B, C ⏩ Реальні відгуки та рейтинг ⭐ МКПП та АКПП ☝️ Будь-які райони міста"
Березень 2101,Інструктори Вознесенськ,,Інструктор з водіння Вознесенськ – 400 грн заняття | Pdr-online,"Приватний автоінструктор в Вознесенську від 400 грн. ⭐ Категорії A, B, C ⏩ Реальні відгуки та рейтинг ⭐ МКПП та АКПП ☝️ Будь-які райони міста"
Березень 2102,Інструктори Жмеринка,,Інструктор з водіння Жмеринка – 400 грн заняття | Pdr-online,"Приватний автоінструктор в Жмеринці від 400 грн. ⭐ Категорії A, B, C ⏩ Реальні відгуки та рейтинг ⭐ МКПП та АКПП ☝️ Будь-які райони міста"
Березень 2103,Інструктори Обухів,,Інструктор з водіння Обухів – 400 грн заняття | Pdr-online,"Приватний автоінструктор в Обухові від 400 грн. ⭐ Категорії A, B, C ⏩ Реальні відгуки та рейтинг ⭐ МКПП та АКПП ☝️ Будь-які райони міста"
Березень 2104,Інструктори Борислав,,Інструктор з водіння Борислав – 400 грн заняття | Pdr-online,"Приватний автоінструктор в Бориславі від 400 грн. ⭐ Категорії A, B, C ⏩ Реальні відгуки та рейтинг ⭐ МКПП та АКПП ☝️ Будь-які райони міста"
Березень 2105,Інструктори Южне,,Інструктор з водіння Южне – 400 грн заняття | Pdr-online,"Приватний автоінструктор в Южному від 400 грн. ⭐ Категорії A, B, C ⏩ Реальні відгуки та рейтинг ⭐ МКПП та АКПП ☝️ Будь-які райони міста"
Березень 2106,Інструктори Глухів,,Інструктор з водіння Глухів – 400 грн заняття | Pdr-online,"Приватний автоінструктор в Глухові від 400 грн. ⭐ Категорії A, B, C ⏩ Реальні відгуки та рейтинг ⭐ МКПП та АКПП ☝️ Будь-які райони міста"
Березень 2107,Інструктори Чугуїв,,Інструктор з водіння Чугуїв – 400 грн заняття | Pdr-online,"Приватний автоінструктор в Чугуєві від 400 грн. ⭐ Категорії A, B, C ⏩ Реальні відгуки та рейтинг ⭐ МКПП та АКПП ☝️ Будь-які райони міста"
Березень 2108,Інструктори Новояворівськ,,Інструктор з водіння Новояворівськ – 400 грн заняття | Pdr-online,"Приватний автоінструктор в Новояворівську від 400 грн. ⭐ Категорії A, B, C ⏩ Реальні відгуки та рейтинг ⭐ МКПП та АКПП ☝️ Будь-які райони міста"
Березень 2109,Інструктори Костопіль,,Інструктор з водіння Костопіль – 400 грн заняття | Pdr-online,"Приватний автоінструктор в Костополі від 400 грн. ⭐ Категорії A, B, C ⏩ Реальні відгуки та рейтинг ⭐ МКПП та АКПП ☝️ Будь-які райони міста"
Березень 2110,Інструктори Вишгород,,Інструктор з водіння Вишгород – 400 грн заняття | Pdr-online,"Приватний автоінструктор в Вишгороді від 400 грн. ⭐ Категорії A, B, C ⏩ Реальні відгуки та рейтинг ⭐ МКПП та АКПП ☝️ Будь-які райони міста"
Березень 2111,Інструктори Могилів-Подільський,,Інструктор з водіння Могилів-Подільський – 400 грн заняття | Pdr-online,"Приватний автоінструктор в Могилів-Подільську від 400 грн. ⭐ Категорії A, B, C ⏩ Реальні відгуки та рейтинг ⭐ МКПП та АКПП ☝️ Будь-які райони міста"
Березень 2112,Інструктори Синельникове,,Інструктор з водіння Синельникове – 400 грн заняття | Pdr-online,"Приватний автоінструктор в Синельниковому від 400 грн. ⭐ Категорії A, B, C ⏩ Реальні відгуки та рейтинг ⭐ МКПП та АКПП ☝️ Будь-які райони міста"
Березень 2113,Інструктори Первомайський,,Інструктор з водіння Первомайський – 400 грн заняття | Pdr-online,"Приватний автоінструктор в Первомайську від 400 грн. ⭐ Категорії A, B, C ⏩ Реальні відгуки та рейтинг ⭐ МКПП та АКПП ☝️ Будь-які райони міста"
Березень 2114,Інструктори Сарни,,Інструктор з водіння Сарни – 400 грн заняття | Pdr-online,"Приватний автоінструктор в Сарнах від 400 грн. ⭐ Категорії A, B, C ⏩ Реальні відгуки та рейтинг ⭐ МКПП та АКПП ☝️ Будь-які райони міста"
Березень 2115,Інструктори Чортків,,Інструктор з водіння Чортків – 400 грн заняття | Pdr-online,"Приватний автоінструктор в Чорткові від 400 грн. ⭐ Категорії A, B, C ⏩ Реальні відгуки та рейтинг ⭐ МКПП та АКПП ☝️ Будь-які райони міста"
Березень 2116,Інструктори Трускавець,,Інструктор з водіння Трускавець – 400 грн заняття | Pdr-online,"Приватний автоінструктор в Трускавці від 400 грн. ⭐ Категорії A, B, C ⏩ Реальні відгуки та рейтинг ⭐ МКПП та АКПП ☝️ Будь-які райони міста"
Березень 2117,Інструктори Хуст,,Інструктор з водіння Хуст – 400 грн заняття | Pdr-online,"Приватний автоінструктор в Хусті від 400 грн. ⭐ Категорії A, B, C ⏩ Реальні відгуки та рейтинг ⭐ МКПП та АКПП ☝️ Будь-які райони міста"
Березень 2118,Інструктори Новий Розділ,,Інструктор з водіння Новий Розділ – 400 грн заняття | Pdr-online,"Приватний автоінструктор в Новий Розділ від 400 грн. ⭐ Категорії A, B, C ⏩ Реальні відгуки та рейтинг ⭐ МКПП та АКПП ☝️ Будь-які райони міста"
Березень 2119,Інструктори Золотоноша,,Інструктор з водіння Золотоноша – 400 грн заняття | Pdr-online,"Приватний автоінструктор в Золотоноші від 400 грн. ⭐ Категорії A, B, C ⏩ Реальні відгуки та рейтинг ⭐ МКПП та АКПП ☝️ Будь-які райони міста"
Березень 2120,Інструктори Тернівка,,Інструктор з водіння Тернівка – 400 грн заняття | Pdr-online,"Приватний автоінструктор в Тернівці від 400 грн. ⭐ Категорії A, B, C ⏩ Реальні відгуки та рейтинг ⭐ МКПП та АКПП ☝️ Будь-які райони міста"
Березень 2121,Інструктори Куп'янськ,,Інструктор з водіння Куп'янськ – 400 грн заняття | Pdr-online,"Приватний автоінструктор в Куп'янську від 400 грн. ⭐ Категорії A, B, C ⏩ Реальні відгуки та рейтинг ⭐ МКПП та АКПП ☝️ Будь-які райони міста"
Березень 2122,Інструктори Хмільник,,Інструктор з водіння Хмільник – 400 грн заняття | Pdr-online,"Приватний автоінструктор в Хмільниках від 400 грн. ⭐ Категорії A, B, C ⏩ Реальні відгуки та рейтинг ⭐ МКПП та АКПП ☝️ Будь-які райони міста"
Березень 2123,Інструктори Балаклія,,Інструктор з водіння Балаклія – 400 грн заняття | Pdr-online,"Приватний автоінструктор в Балаклії від 400 грн. ⭐ Категорії A, B, C ⏩ Реальні відгуки та рейтинг ⭐ МКПП та АКПП ☝️ Будь-які райони міста"
Березень 2124,Інструктори Переяслав,,Інструктор з водіння Переяслав – 400 грн заняття | Pdr-online,"Приватний автоінструктор в Переяславі від 400 грн. ⭐ Категорії A, B, C ⏩ Реальні відгуки та рейтинг ⭐ МКПП та АКПП ☝️ Будь-які райони міста"
Березень 2125,Інструктори Малин,,Інструктор з водіння Малин – 400 грн заняття | Pdr-online,"Приватний автоінструктор в Малині від 400 грн. ⭐ Категорії A, B, C ⏩ Реальні відгуки та рейтинг ⭐ МКПП та АКПП ☝️ Будь-які райони міста"
Березень 2126,Інструктори Гайсин,,Інструктор з водіння Гайсин – 400 грн заняття | Pdr-online,"Приватний автоінструктор в Гайсині від 400 грн. ⭐ Категорії A, B, C ⏩ Реальні відгуки та рейтинг ⭐ МКПП та АКПП ☝️ Будь-які райони міста"
Березень 2127,Інструктори Виноградів,,Інструктор з водіння Виноградів – 400 грн заняття | Pdr-online,"Приватний автоінструктор в Виноградові від 400 грн. ⭐ Категорії A, B, C ⏩ Реальні відгуки та рейтинг ⭐ МКПП та АКПП ☝️ Будь-які райони міста"
Березень 2128,Інструктори Коростишев,,Інструктор з водіння Коростишев – 400 грн заняття | Pdr-online,"Приватний автоінструктор в Коростишеві від 400 грн. ⭐ Категорії A, B, C ⏩ Реальні відгуки та рейтинг ⭐ МКПП та АКПП ☝️ Будь-які райони міста"
Березень 2129,Інструктори Здолбунів,,Інструктор з водіння Здолбунів – 400 грн заняття | Pdr-online,"Приватний автоінструктор в Здолбунові від 400 грн. ⭐ Категорії A, B, C ⏩ Реальні відгуки та рейтинг ⭐ МКПП та АКПП ☝️ Будь-які райони міста"
Березень 2130,Інструктори Славутич,,Інструктор з водіння Славутич – 400 грн заняття | Pdr-online,"Приватний автоінструктор в Славутичі від 400 грн. ⭐ Категорії A, B, C ⏩ Реальні відгуки та рейтинг ⭐ МКПП та АКПП ☝️ Будь-які райони міста"
Березень 2131,Інструктори Лебедин,,Інструктор з водіння Лебедин – 400 грн заняття | Pdr-online,"Приватний автоінструктор в Лебедині від 400 грн. ⭐ Категорії A, B, C ⏩ Реальні відгуки та рейтинг ⭐ МКПП та АКПП ☝️ Будь-які райони міста"
Березень 2132,Інструктори Золочів,,Інструктор з водіння Золочів – 400 грн заняття | Pdr-online,"Приватний автоінструктор в Золочеві від 400 грн. ⭐ Категорії A, B, C ⏩ Реальні відгуки та рейтинг ⭐ МКПП та АКПП ☝️ Будь-які райони міста"
Березень 2133,Інструктори Канів,,Інструктор з водіння Канів – 400 грн заняття | Pdr-online,"Приватний автоінструктор в Каневі від 400 грн. ⭐ Категорії A, B, C ⏩ Реальні відгуки та рейтинг ⭐ МКПП та АКПП ☝️ Будь-які райони міста"
Березень 2134,Інструктори Берегове,,Інструктор з водіння Берегове – 400 грн заняття | Pdr-online,"Приватний автоінструктор в Береговому від 400 грн. ⭐ Категорії A, B, C ⏩ Реальні відгуки та рейтинг ⭐ МКПП та АКПП ☝️ Будь-які райони міста"
Березень 2135,Інструктори Броди,,Інструктор з водіння Броди – 400 грн заняття | Pdr-online,"Приватний автоінструктор в Бродах від 400 грн. ⭐ Категорії A, B, C ⏩ Реальні відгуки та рейтинг ⭐ МКПП та АКПП ☝️ Будь-які райони міста"
Березень 2136,Інструктори Гадяч,,Інструктор з водіння Гадяч – 400 грн заняття | Pdr-online,"Приватний автоінструктор в Гадячі від 400 грн. ⭐ Категорії A, B, C ⏩ Реальні відгуки та рейтинг ⭐ МКПП та АКПП ☝️ Будь-які райони міста"
Березень 2137,Інструктори Козятин,,Інструктор з водіння Козятин – 400 грн заняття | Pdr-online,"Приватний автоінструктор в Козятині від 400 грн. ⭐ Категорії A, B, C ⏩ Реальні відгуки та рейтинг ⭐ МКПП та АКПП ☝️ Будь-які райони міста"
Березень 2138,Інструктори Вільногірськ,,Інструктор з водіння Вільногірськ – 400 грн заняття | Pdr-online,"Приватний автоінструктор в Вільногірську від 400 грн. ⭐ Категорії A, B, C ⏩ Реальні відгуки та рейтинг ⭐ МКПП та АКПП ☝️ Будь-які райони міста"
Березень 2139,Інструктори Кролевець,,Інструктор з водіння Кролевець – 400 грн заняття | Pdr-online,"Приватний автоінструктор в Кролевці від 400 грн. ⭐ Категорії A, B, C ⏩ Реальні відгуки та рейтинг ⭐ МКПП та АКПП ☝️ Будь-які райони міста"
Березень 2140,Інструктори Ладижин,,Інструктор з водіння Ладижин – 400 грн заняття | Pdr-online,"Приватний автоінструктор в Ладижині від 400 грн. ⭐ Категорії A, B, C ⏩ Реальні відгуки та рейтинг ⭐ МКПП та АКПП ☝️ Будь-які райони міста"
Березень 2141,Інструктори Надвірна,,Інструктор з водіння Надвірна – 400 грн заняття | Pdr-online,"Приватний автоінструктор в Надвірній від 400 грн. ⭐ Категорії A, B, C ⏩ Реальні відгуки та рейтинг ⭐ МКПП та АКПП ☝️ Будь-які райони міста"
Березень 2142,Інструктори Знам'янка,,Інструктор з водіння Знам'янка – 400 грн заняття | Pdr-online,"Приватний автоінструктор в Знам'янці від 400 грн. ⭐ Категорії A, B, C ⏩ Реальні відгуки та рейтинг ⭐ МКПП та АКПП ☝️ Будь-які райони міста"
Березень 2143,Інструктори Мерефа,,Інструктор з водіння Мерефа – 400 грн заняття | Pdr-online,"Приватний автоінструктор в Мерефі від 400 грн. ⭐ Категорії A, B, C ⏩ Реальні відгуки та рейтинг ⭐ МКПП та АКПП ☝️ Будь-які райони міста"
Березень 2144,Інструктори Сокаль,,Інструктор з водіння Сокаль – 400 грн заняття | Pdr-online,"Приватний автоінструктор в Сокалі від 400 грн. ⭐ Категорії A, B, C ⏩ Реальні відгуки та рейтинг ⭐ МКПП та АКПП ☝️ Будь-які райони міста"
Березень 2145,Інструктори Кременець,,Інструктор з водіння Кременець – 400 грн заняття | Pdr-online,"Приватний автоінструктор в Кременці від 400 грн. ⭐ Категорії A, B, C ⏩ Реальні відгуки та рейтинг ⭐ МКПП та АКПП ☝️ Будь-які райони міста"
Березень 2146,Інструктори Долина,,Інструктор з водіння Долина – 400 грн заняття | Pdr-online,"Приватний автоінструктор в Долині від 400 грн. ⭐ Категорії A, B, C ⏩ Реальні відгуки та рейтинг ⭐ МКПП та АКПП ☝️ Будь-які райони міста"
Березень 2147,Інструктори Люботин,,Інструктор з водіння Люботин – 400 грн заняття | Pdr-online,"Приватний автоінструктор в Люботині від 400 грн. ⭐ Категорії A, B, C ⏩ Реальні відгуки та рейтинг ⭐ МКПП та АКПП ☝️ Будь-які райони міста"
Березень 2148,Інструктори Полонне,,Інструктор з водіння Полонне – 400 грн заняття | Pdr-online,"Приватний автоінструктор в Полонному від 400 грн. ⭐ Категорії A, B, C ⏩ Реальні відгуки та рейтинг ⭐ МКПП та АКПП ☝️ Будь-які райони міста"
Березень 2149,Інструктори Стебник,,Інструктор з водіння Стебник – 400 грн заняття | Pdr-online,"Приватний автоінструктор в Стебнику від 400 грн. ⭐ Категорії A, B, C ⏩ Реальні відгуки та рейтинг ⭐ МКПП та АКПП ☝️ Будь-які райони міста"
Березень 2150,Інструктори Красноград,,Інструктор з водіння Красноград – 400 грн заняття | Pdr-online,"Приватний автоінструктор в Краснограді від 400 грн. ⭐ Категорії A, B, C ⏩ Реальні відгуки та рейтинг ⭐ МКПП та АКПП ☝️ Будь-які райони міста"
Березень 2151,Інструктори Софіївська-борщагівка,,Інструктор з водіння Софіївська-борщагівка – 400 грн заняття | Pdr-online,"Приватний автоінструктор в Софіївській-борщагівці від 400 грн. ⭐ Категорії A, B, C ⏩ Реальні відгуки та рейтинг ⭐ МКПП та АКПП ☝️ Будь-які райони міста"
Березень 2152,Інструктори Мішково-Погорілове,,Інструктор з водіння Мішково-Погорілове – 400 грн заняття | Pdr-online,"Приватний автоінструктор в Мішково-Погоріловому від 400 грн. ⭐ Категорії A, B, C ⏩ Реальні відгуки та рейтинг ⭐ МКПП та АКПП ☝️ Будь-які райони міста"
Березень 2153,Інструктори Верхньодніпровськ,,Інструктор з водіння Верхньодніпровськ – 400 грн заняття | Pdr-online,"Приватний автоінструктор в Верхньодніпровську від 400 грн. ⭐ Категорії A, B, C ⏩ Реальні відгуки та рейтинг ⭐ МКПП та АКПП ☝️ Будь-які райони міста"
Березень 2154,Інструктори Рованці,,Інструктор з водіння Рованці – 400 грн заняття | Pdr-online,"Приватний автоінструктор в Рованці від 400 грн. ⭐ Категорії A, B, C ⏩ Реальні відгуки та рейтинг ⭐ МКПП та АКПП ☝️ Будь-які райони міста"
Березень 2155,Інструктори Бердянськ,,Інструктор з водіння Бердянськ – 400 грн заняття | Pdr-online,"Приватний автоінструктор в Бердянську від 400 грн. ⭐ Категорії A, B, C ⏩ Реальні відгуки та рейтинг ⭐ МКПП та АКПП ☝️ Будь-які райони міста"
Березень 2156,Інструктори Степна,,Інструктор з водіння Степна – 400 грн заняття | Pdr-online,"Приватний автоінструктор в Степному від 400 грн. ⭐ Категорії A, B, C ⏩ Реальні відгуки та рейтинг ⭐ МКПП та АКПП ☝️ Будь-які райони міста"
Березень 2157,Інструктори Кулиничі,,Інструктор з водіння Кулиничі – 400 грн заняття | Pdr-online,"Приватний автоінструктор в Кулиничах від 400 грн. ⭐ Категорії A, B, C ⏩ Реальні відгуки та рейтинг ⭐ МКПП та АКПП ☝️ Будь-які райони міста"
Березень 2158,Інструктори Бородянка,,Інструктор з водіння Бородянка – 400 грн заняття | Pdr-online,"Приватний автоінструктор в Бородянці від 400 грн. ⭐ Категорії A, B, C ⏩ Реальні відгуки та рейтинг ⭐ МКПП та АКПП ☝️ Будь-які райони міста"
Березень 2159,Інструктори Петропавлівська Борщагівка,,Інструктор з водіння Петропавлівська Борщагівка – 400 грн заняття | Pdr-online,"Приватний автоінструктор в Петропавлівській Борщагівці від 400 грн. ⭐ Категорії A, B, C ⏩ Реальні відгуки та рейтинг ⭐ МКПП та АКПП ☝️ Будь-які райони міста"
Березень 2160,Інструктори Чигиринське,,Інструктор з водіння Чигиринське – 400 грн заняття | Pdr-online,"Приватний автоінструктор в Чигиринську від 400 грн. ⭐ Категорії A, B, C ⏩ Реальні відгуки та рейтинг ⭐ МКПП та АКПП ☝️ Будь-які райони міста"